{
  "city_slug": "karachi",
  "model_version": "karachi-v20260507-214859",
  "git_commit": "16cf128",
  "trained_at": "2026-05-07T21:48:59.675104+00:00",
  "training_rows": 4675,
  "val_rows": 584,
  "cal_rows": 585,
  "input_dim": 29,
  "ae_val_loss": 0.4025094211101532,
  "tcn_val_loss": 0.22964103519916534,
  "lgbm_val_auc": 0.9569,
  "lgbm_val_brier": 0.0662,
  "calibration_ece": 0.0,
  "calibration_brier": 0.02507,
  "duration_seconds": 150.5,
  "positive_label_rate": 0.28376068376068375
}