{
  "city_slug": "peshawar",
  "model_version": "peshawar-v20260508-153407",
  "git_commit": "d833d7d",
  "trained_at": "2026-05-08T15:34:07.402101+00:00",
  "training_rows": 4091,
  "val_rows": 511,
  "cal_rows": 512,
  "input_dim": 29,
  "ae_val_loss": 0.5050427317619324,
  "tcn_val_loss": 0.3688754439353943,
  "lgbm_val_auc": 0.8855,
  "lgbm_val_brier": 0.0938,
  "calibration_ece": 0.0,
  "calibration_brier": 0.02785,
  "duration_seconds": 158.0,
  "positive_label_rate": 0.1796875
}