{
  "city_slug": "gilgit",
  "model_version": "gilgit-v20260507-214341",
  "git_commit": "16cf128",
  "trained_at": "2026-05-07T21:43:41.810882+00:00",
  "training_rows": 3506,
  "val_rows": 438,
  "cal_rows": 439,
  "input_dim": 29,
  "ae_val_loss": 0.15949423611164093,
  "tcn_val_loss": 0.20416057109832764,
  "lgbm_val_auc": 0.783,
  "lgbm_val_brier": 0.1299,
  "calibration_ece": 0.0,
  "calibration_brier": 0.07573,
  "duration_seconds": 137.0,
  "positive_label_rate": 0.2528473804100228
}