{
  "sequence_length": 7,
  "n_features": 27,
  "lstm_units": 32,
  "encoding_dim": 6,
  "dropout_rate": 0.2,
  "learning_rate": 0.001,
  "threshold": 0.5027421556702942,
  "mean_error": 0.10040659398585383,
  "std_error": 0.16093422467377616,
  "error_percentiles": {
    "50": 0.07921546551810067,
    "75": 0.10691654739283278,
    "90": 0.14529849466655032,
    "95": 0.18495079975156323,
    "99": 0.424756869190847
  }
}