{
  "sequence_length": 7,
  "n_features": 27,
  "lstm_units": 32,
  "encoding_dim": 6,
  "dropout_rate": 0.2,
  "learning_rate": 0.001,
  "threshold": 0.6049621042309246,
  "mean_error": 0.12931546550720355,
  "std_error": 0.1902586554894884,
  "error_percentiles": {
    "50": 0.1007071204851452,
    "75": 0.13775230350607462,
    "90": 0.19349740091772977,
    "95": 0.24852943536561717,
    "99": 0.5569703819836785
  }
}