{
  "city_slug": "peshawar",
  "model_version": "peshawar-v20260505-204751",
  "git_commit": "16cf128",
  "trained_at": "2026-05-05T20:47:51.081102+00:00",
  "training_rows": 4091,
  "val_rows": 511,
  "cal_rows": 512,
  "input_dim": 29,
  "ae_val_loss": 0.5131128430366516,
  "tcn_val_loss": 0.377390593290329,
  "lgbm_val_auc": 0.8769,
  "lgbm_val_brier": 0.0941,
  "calibration_ece": 0.0,
  "calibration_brier": 0.03257,
  "duration_seconds": 105.1,
  "positive_label_rate": 0.1796875
}