{
  "city_slug": "peshawar",
  "model_version": "peshawar-v20260507-215202",
  "git_commit": "16cf128",
  "trained_at": "2026-05-07T21:52:02.459544+00:00",
  "training_rows": 4091,
  "val_rows": 511,
  "cal_rows": 512,
  "input_dim": 29,
  "ae_val_loss": 0.5031867623329163,
  "tcn_val_loss": 0.3787306547164917,
  "lgbm_val_auc": 0.8504,
  "lgbm_val_brier": 0.0976,
  "calibration_ece": 0.0,
  "calibration_brier": 0.04207,
  "duration_seconds": 99.6,
  "positive_label_rate": 0.1796875
}