{
  "city_slug": "quetta",
  "model_version": "quetta-v20260507-215447",
  "git_commit": "16cf128",
  "trained_at": "2026-05-07T21:54:47.069926+00:00",
  "training_rows": 3214,
  "val_rows": 402,
  "cal_rows": 402,
  "input_dim": 29,
  "ae_val_loss": 0.21579653024673462,
  "tcn_val_loss": 0.2783905267715454,
  "lgbm_val_auc": 0.8354,
  "lgbm_val_brier": 0.0238,
  "calibration_ece": 0.0,
  "calibration_brier": 0.02681,
  "duration_seconds": 164.5,
  "positive_label_rate": 0.13681592039800994
}