{
  "sequence_length": 7,
  "n_features": 27,
  "lstm_units": 32,
  "encoding_dim": 6,
  "dropout_rate": 0.2,
  "learning_rate": 0.001,
  "threshold": 0.49104533364055286,
  "mean_error": 0.10274931103133546,
  "std_error": 0.15531840904368696,
  "error_percentiles": {
    "50": 0.08124229195867895,
    "75": 0.10995371854110211,
    "90": 0.1503936972466064,
    "95": 0.18973785979503485,
    "99": 0.42605885693960904
  }
}