{
  "city_slug": "islamabad",
  "model_version": "islamabad-v20260507-214629",
  "git_commit": "16cf128",
  "trained_at": "2026-05-07T21:46:29.099512+00:00",
  "training_rows": 7305,
  "val_rows": 913,
  "cal_rows": 914,
  "input_dim": 29,
  "ae_val_loss": 0.28716471791267395,
  "tcn_val_loss": 0.28071004152297974,
  "lgbm_val_auc": 0.8087,
  "lgbm_val_brier": 0.0733,
  "calibration_ece": 0.0,
  "calibration_brier": 0.03868,
  "duration_seconds": 167.2,
  "positive_label_rate": 0.175054704595186
}